,Precision,Recall
0,0.04214876033057849,0.0950836419423828
1,0.041505968778696056,0.1793636676361996
2,0.04086317722681358,0.28126884584240786
3,0.04044995408631772,0.366675338192797
4,0.03952249770431588,0.448089319465649
5,0.0388888888888889,0.5346455090456148
6,0.03890856618129344,0.626963536690675
7,0.03893480257116624,0.7157606196271165
8,0.039067442097745146,0.8055274652095852
9,0.03898071625344352,0.8961641531044868
10,0.0390600217046498,0.9910249592320386
